{"cameraMode":{"drawMode":0,"name":"Shaded","section":"Shading Mode"},"sceneLighting":false,"audioPlay":false,"sceneViewState":{"m_AlwaysRefresh":false,"showFog":true,"showSkybox":false,"showFlares":true,"showImageEffects":true,"showParticleSystems":true,"showVisualEffectGraphs":true,"m_FxEnabled":true},"in2DMode":false,"pivot":{"x":0.1357128620147705,"y":-0.012717247009277344,"z":-0.10159587860107422},"rotation":{"x":-0.05451107770204544,"y":0.9379233121871948,"z":-0.17290252447128297,"w":-0.29569584131240847},"size":0.8660253882408142,"orthographic":false}