{"cameraMode":{"drawMode":0,"name":"Shaded","section":"Shading Mode"},"sceneLighting":false,"audioPlay":false,"sceneViewState":{"m_AlwaysRefresh":false,"showFog":true,"showSkybox":false,"showFlares":true,"showImageEffects":true,"showParticleSystems":true,"showVisualEffectGraphs":true,"m_FxEnabled":true},"in2DMode":false,"pivot":{"x":-13.59102725982666,"y":10.564083099365235,"z":-13.274913787841797},"rotation":{"x":-0.09214738756418228,"y":-0.021513450890779496,"z":0.0019944505766034128,"w":-0.9955101013183594},"size":23.29361915588379,"orthographic":false}