{"cameraMode":{"drawMode":0,"name":"Shaded","section":"Shading Mode"},"sceneLighting":false,"audioPlay":false,"sceneViewState":{"m_AlwaysRefresh":false,"showFog":true,"showSkybox":false,"showFlares":true,"showImageEffects":true,"showParticleSystems":true,"showVisualEffectGraphs":true,"m_FxEnabled":true},"in2DMode":false,"pivot":{"x":-0.20456409454345704,"y":-0.03943932056427002,"z":1.0448764562606812},"rotation":{"x":-0.15941449999809266,"y":0.2553587257862091,"z":-0.0427277497947216,"w":-0.9526551365852356},"size":0.9661323428153992,"orthographic":false}