{"cameraMode":{"drawMode":0,"name":"Shaded","section":"Shading Mode"},"sceneLighting":false,"audioPlay":false,"sceneViewState":{"m_AlwaysRefresh":false,"showFog":true,"showSkybox":false,"showFlares":true,"showImageEffects":true,"showParticleSystems":true,"showVisualEffectGraphs":true,"m_FxEnabled":true},"in2DMode":false,"pivot":{"x":21.945056915283204,"y":-1.2690492868423463,"z":-1.5623589754104615},"rotation":{"x":0.10634835064411164,"y":-0.22875170409679414,"z":0.02516821399331093,"w":0.967371940612793},"size":5.248645305633545,"orthographic":false}