{"cameraMode":{"drawMode":0,"name":"Shaded","section":"Shading Mode"},"sceneLighting":true,"audioPlay":false,"sceneViewState":{"m_AlwaysRefresh":false,"showFog":true,"showSkybox":true,"showFlares":true,"showImageEffects":true,"showParticleSystems":true,"showVisualEffectGraphs":true,"m_FxEnabled":true},"in2DMode":false,"pivot":{"x":56.21403884887695,"y":8.941719055175782,"z":10.014313697814942},"rotation":{"x":0.003202707041054964,"y":0.9862329959869385,"z":-0.16422152519226075,"w":0.01923402026295662},"size":2.989320755004883,"orthographic":false}