{"cameraMode":{"drawMode":0,"name":"Shaded","section":"Shading Mode"},"sceneLighting":true,"audioPlay":false,"sceneViewState":{"m_AlwaysRefresh":false,"showFog":true,"showSkybox":true,"showFlares":true,"showImageEffects":true,"showParticleSystems":true,"showVisualEffectGraphs":true,"m_FxEnabled":true},"in2DMode":false,"pivot":{"x":55.23077392578125,"y":6.752699851989746,"z":11.290691375732422},"rotation":{"x":0.028806019574403764,"y":0.9023244380950928,"z":-0.06099364906549454,"w":0.4258959889411926},"size":0.894871175289154,"orthographic":false}