{"cameraMode":{"drawMode":0,"name":"Shaded","section":"Shading Mode"},"sceneLighting":true,"audioPlay":false,"sceneViewState":{"m_AlwaysRefresh":false,"showFog":true,"showSkybox":true,"showFlares":true,"showImageEffects":true,"showParticleSystems":true,"showVisualEffectGraphs":true,"m_FxEnabled":true},"in2DMode":false,"pivot":{"x":337.8571472167969,"y":342.2458801269531,"z":-527.1130981445313},"rotation":{"x":-0.048741985112428668,"y":-0.039549458771944049,"z":0.0019358160207048059,"w":-0.9980241060256958},"size":0.8270542621612549,"orthographic":false}