{"cameraMode":{"drawMode":0,"name":"Shaded","section":"Shading Mode"},"sceneLighting":true,"audioPlay":false,"sceneViewState":{"m_AlwaysRefresh":false,"showFog":true,"showSkybox":true,"showFlares":true,"showImageEffects":true,"showParticleSystems":true,"showVisualEffectGraphs":true,"m_FxEnabled":true},"in2DMode":false,"pivot":{"x":442.8715515136719,"y":382.59271240234377,"z":-314.41119384765627},"rotation":{"x":0.20162615180015565,"y":0.05110166221857071,"z":-0.010533377528190613,"w":0.9780657887458801},"size":81.39410400390625,"orthographic":false}