{"cameraMode":{"drawMode":0,"name":"Shaded","section":"Shading Mode"},"sceneLighting":true,"audioPlay":false,"sceneViewState":{"m_AlwaysRefresh":false,"showFog":true,"showSkybox":true,"showFlares":true,"showImageEffects":true,"showParticleSystems":true,"showVisualEffectGraphs":true,"m_FxEnabled":true},"in2DMode":false,"pivot":{"x":-0.04351787269115448,"y":0.3256267309188843,"z":1.4145900011062623},"rotation":{"x":0.0014539692783728243,"y":0.7197829484939575,"z":-0.6941882371902466,"w":0.0015100426971912385},"size":1.631962776184082,"orthographic":false}