{"cameraMode":{"drawMode":0,"name":"Shaded","section":"Shading Mode"},"sceneLighting":true,"audioPlay":false,"sceneViewState":{"m_AlwaysRefresh":false,"showFog":true,"showSkybox":true,"showFlares":true,"showImageEffects":true,"showParticleSystems":true,"showVisualEffectGraphs":true,"m_FxEnabled":true},"in2DMode":false,"pivot":{"x":49.25856018066406,"y":7.9203691482543949,"z":1.5795797109603882},"rotation":{"x":0.19423994421958924,"y":0.7655990719795227,"z":-0.2699495255947113,"w":0.5508129000663757},"size":0.0016464943764731289,"orthographic":false}