{"cameraMode":{"drawMode":0,"name":"Shaded","section":"Shading Mode"},"sceneLighting":true,"audioPlay":false,"sceneViewState":{"m_AlwaysRefresh":false,"showFog":true,"showSkybox":true,"showFlares":true,"showImageEffects":true,"showParticleSystems":true,"showVisualEffectGraphs":true,"m_FxEnabled":true},"in2DMode":false,"pivot":{"x":56.965972900390628,"y":6.8588972091674809,"z":5.296091556549072},"rotation":{"x":0.011648193933069706,"y":-0.9270251393318176,"z":-0.028302796185016633,"w":-0.3742137551307678},"size":2.4458084106445314,"orthographic":false}