{"cameraMode":{"drawMode":0,"name":"Shaded","section":"Shading Mode"},"sceneLighting":false,"audioPlay":false,"sceneViewState":{"m_AlwaysRefresh":false,"showFog":true,"showSkybox":false,"showFlares":true,"showImageEffects":true,"showParticleSystems":true,"showVisualEffectGraphs":true,"m_FxEnabled":true},"in2DMode":false,"pivot":{"x":-0.027246564626693727,"y":0.33914369344711306,"z":-1.906959056854248},"rotation":{"x":0.2506788671016693,"y":0.6664769649505615,"z":-0.2554652690887451,"w":0.6541315317153931},"size":3.333519458770752,"orthographic":false}