{"cameraMode":{"drawMode":0,"name":"Shaded","section":"Shading Mode"},"sceneLighting":false,"audioPlay":false,"sceneViewState":{"m_AlwaysRefresh":false,"showFog":true,"showSkybox":false,"showFlares":true,"showImageEffects":true,"showParticleSystems":true,"showVisualEffectGraphs":true,"m_FxEnabled":true},"in2DMode":false,"pivot":{"x":0.6695369482040405,"y":-1.5530776977539063,"z":1.254251480102539},"rotation":{"x":0.011246825568377972,"y":0.9466500282287598,"z":-0.32034218311309817,"w":0.03323788568377495},"size":22.809892654418947,"orthographic":false}