{"cameraMode":{"drawMode":0,"name":"Shaded","section":"Shading Mode"},"sceneLighting":false,"audioPlay":false,"sceneViewState":{"m_AlwaysRefresh":false,"showFog":true,"showSkybox":false,"showFlares":true,"showImageEffects":true,"showParticleSystems":true,"showVisualEffectGraphs":true,"m_FxEnabled":true},"in2DMode":false,"pivot":{"x":-1.2582112550735474,"y":3.352363109588623,"z":3.6915667057037355},"rotation":{"x":-0.0526515394449234,"y":-0.9239887595176697,"z":0.35351309180259707,"w":-0.13794712722301484},"size":0.36113405227661135,"orthographic":false}