{"cameraMode":{"drawMode":0,"name":"Shaded","section":"Shading Mode"},"sceneLighting":false,"audioPlay":false,"sceneViewState":{"m_AlwaysRefresh":false,"showFog":true,"showSkybox":false,"showFlares":true,"showImageEffects":true,"showParticleSystems":true,"showVisualEffectGraphs":true,"m_FxEnabled":true},"in2DMode":false,"pivot":{"x":-1.0236440896987916,"y":0.603804886341095,"z":-0.3799280524253845},"rotation":{"x":0.4391774833202362,"y":0.4233022928237915,"z":-0.24694578349590302,"w":0.7530614137649536},"size":0.15598198771476746,"orthographic":false}